{"cameraMode":{"drawMode":0,"name":"Shaded","section":"Shading Mode"},"sceneLighting":false,"audioPlay":false,"sceneViewState":{"m_AlwaysRefresh":false,"showFog":true,"showSkybox":false,"showFlares":true,"showImageEffects":true,"showParticleSystems":true,"showVisualEffectGraphs":true,"m_FxEnabled":true},"in2DMode":false,"pivot":{"x":0.01473197340965271,"y":0.5721321702003479,"z":0.0010001063346862794},"rotation":{"x":0.027906013652682306,"y":-0.698283314704895,"z":0.027245838195085527,"w":0.7148184180259705},"size":2.4751946926116945,"orthographic":false}