{"cameraMode":{"drawMode":0,"name":"Shaded","section":"Shading Mode"},"sceneLighting":false,"audioPlay":false,"sceneViewState":{"m_AlwaysRefresh":false,"showFog":true,"showSkybox":false,"showFlares":true,"showImageEffects":true,"showParticleSystems":true,"showVisualEffectGraphs":true,"m_FxEnabled":true},"in2DMode":false,"pivot":{"x":0.019011974334716798,"y":0.5238521695137024,"z":0.0009515285491943359},"rotation":{"x":0.11561371386051178,"y":-0.8417802453041077,"z":0.19932621717453004,"w":0.4882500469684601},"size":1.077950358390808,"orthographic":false}