{"cameraMode":{"drawMode":0,"name":"Shaded","section":"Shading Mode"},"sceneLighting":false,"audioPlay":false,"sceneViewState":{"m_AlwaysRefresh":false,"showFog":true,"showSkybox":false,"showFlares":true,"showImageEffects":true,"showParticleSystems":true,"showVisualEffectGraphs":true,"m_FxEnabled":true},"in2DMode":false,"pivot":{"x":7.450580596923828e-9,"y":0.5721321702003479,"z":5.21540641784668e-8},"rotation":{"x":0.01823708601295948,"y":-0.9000802636146545,"z":0.037832338362932208,"w":0.4337887465953827},"size":0.5935981869697571,"orthographic":false}