{"cameraMode":{"drawMode":0,"name":"Shaded","section":"Shading Mode"},"sceneLighting":false,"audioPlay":false,"sceneViewState":{"m_AlwaysRefresh":false,"showFog":true,"showSkybox":false,"showFlares":true,"showImageEffects":true,"showParticleSystems":true,"showVisualEffectGraphs":true,"m_FxEnabled":true},"in2DMode":false,"pivot":{"x":0.5026254653930664,"y":0.20337098836898805,"z":-0.45694583654403689},"rotation":{"x":0.18518699705600739,"y":-0.32302844524383547,"z":0.06461018323898316,"w":0.9258679747581482},"size":0.9463747143745422,"orthographic":false}