{"cameraMode":{"drawMode":0,"name":"Shaded","section":"Shading Mode"},"sceneLighting":false,"audioPlay":false,"sceneViewState":{"m_AlwaysRefresh":false,"showFog":true,"showSkybox":false,"showFlares":true,"showImageEffects":true,"showParticleSystems":true,"showVisualEffectGraphs":true,"m_FxEnabled":true},"in2DMode":false,"pivot":{"x":-0.0161515474319458,"y":0.5238521099090576,"z":-0.005801260471343994},"rotation":{"x":0.15122351050376893,"y":-0.8103987574577332,"z":0.2387543022632599,"w":0.5132859349250794},"size":1.03072190284729,"orthographic":false}